{
    "UNIT_15": [
        38.3633935931559,
        -121.61619572246695
    ],
    "UNIT_21": [
        38.3633935931559,
        -121.61619572246695
    ],
    "UNIT_28": [
        38.3633935931559,
        -121.61619572246695
    ],
    "UNIT_46": [
        38.3633935931559,
        -121.61619572246695
    ],
    "UNIT_63": [
        38.3633935931559,
        -121.61619572246695
    ],
    "UNIT_69": [
        38.3633935931559,
        -121.61619572246695
    ],
    "UNIT_75": [
        38.3633935931559,
        -121.61619572246695
    ],
    "UNIT_93": [
        38.3633935931559,
        -121.61619572246695
    ],
    "UNIT_10": [
        38.36460652281369,
        -121.61619572246695
    ],
    "UNIT_13": [
        38.36460652281369,
        -121.61619572246695
    ],
    "UNIT_45": [
        38.36460652281369,
        -121.61619572246695
    ],
    "UNIT_55": [
        38.36460652281369,
        -121.61619572246695
    ],
    "UNIT_56": [
        38.36460652281369,
        -121.61619572246695
    ],
    "UNIT_64": [
        38.36460652281369,
        -121.61619572246695
    ],
    "UNIT_87": [
        38.36460652281369,
        -121.61619572246695
    ],
    "UNIT_97": [
        38.36460652281369,
        -121.61619572246695
    ],
    "UNIT_18": [
        38.36596536882129,
        -121.61619572246695
    ],
    "UNIT_38": [
        38.36596536882129,
        -121.61619572246695
    ],
    "UNIT_49": [
        38.36596536882129,
        -121.61619572246695
    ],
    "UNIT_59": [
        38.36596536882129,
        -121.61619572246695
    ],
    "UNIT_71": [
        38.36596536882129,
        -121.61619572246695
    ],
    "UNIT_76": [
        38.36596536882129,
        -121.61619572246695
    ],
    "UNIT_84": [
        38.36596536882129,
        -121.61619572246695
    ],
    "UNIT_85": [
        38.36596536882129,
        -121.61619572246695
    ],
    "UNIT_2": [
        38.36731509505703,
        -121.61619572246695
    ],
    "UNIT_26": [
        38.36731509505703,
        -121.61619572246695
    ],
    "UNIT_29": [
        38.36731509505703,
        -121.61619572246695
    ],
    "UNIT_37": [
        38.36731509505703,
        -121.61619572246695
    ],
    "UNIT_39": [
        38.36731509505703,
        -121.61619572246695
    ],
    "UNIT_60": [
        38.36731509505703,
        -121.61619572246695
    ],
    "UNIT_79": [
        38.36731509505703,
        -121.61619572246695
    ],
    "UNIT_96": [
        38.36731509505703,
        -121.61619572246695
    ],
    "UNIT_11": [
        38.36394077946768,
        -121.61515140528634
    ],
    "UNIT_12": [
        38.36394077946768,
        -121.61515140528634
    ],
    "UNIT_35": [
        38.36394077946768,
        -121.61515140528634
    ],
    "UNIT_61": [
        38.36394077946768,
        -121.61515140528634
    ],
    "UNIT_70": [
        38.36394077946768,
        -121.61515140528634
    ],
    "UNIT_88": [
        38.36394077946768,
        -121.61515140528634
    ],
    "UNIT_89": [
        38.36394077946768,
        -121.61515140528634
    ],
    "UNIT_91": [
        38.36394077946768,
        -121.61515140528634
    ],
    "UNIT_3": [
        38.3652722661597,
        -121.61515140528634
    ],
    "UNIT_14": [
        38.3652722661597,
        -121.61515140528634
    ],
    "UNIT_25": [
        38.3652722661597,
        -121.61515140528634
    ],
    "UNIT_30": [
        38.3652722661597,
        -121.61515140528634
    ],
    "UNIT_36": [
        38.3652722661597,
        -121.61515140528634
    ],
    "UNIT_53": [
        38.3652722661597,
        -121.61515140528634
    ],
    "UNIT_86": [
        38.3652722661597,
        -121.61515140528634
    ],
    "UNIT_90": [
        38.3652722661597,
        -121.61515140528634
    ],
    "UNIT_9": [
        38.36660375285171,
        -121.61515140528634
    ],
    "UNIT_24": [
        38.36660375285171,
        -121.61515140528634
    ],
    "UNIT_31": [
        38.36660375285171,
        -121.61515140528634
    ],
    "UNIT_33": [
        38.36660375285171,
        -121.61515140528634
    ],
    "UNIT_52": [
        38.36660375285171,
        -121.61515140528634
    ],
    "UNIT_92": [
        38.36660375285171,
        -121.61515140528634
    ],
    "UNIT_99": [
        38.36660375285171,
        -121.61515140528634
    ],
    "UNIT_100": [
        38.36660375285171,
        -121.61515140528634
    ],
    "UNIT_4": [
        38.3633935931559,
        -121.61407227753304
    ],
    "UNIT_22": [
        38.3633935931559,
        -121.61407227753304
    ],
    "UNIT_40": [
        38.3633935931559,
        -121.61407227753304
    ],
    "UNIT_44": [
        38.3633935931559,
        -121.61407227753304
    ],
    "UNIT_48": [
        38.3633935931559,
        -121.61407227753304
    ],
    "UNIT_67": [
        38.3633935931559,
        -121.61407227753304
    ],
    "UNIT_78": [
        38.3633935931559,
        -121.61407227753304
    ],
    "UNIT_98": [
        38.3633935931559,
        -121.61407227753304
    ],
    "UNIT_19": [
        38.36460652281369,
        -121.61407227753304
    ],
    "UNIT_23": [
        38.36460652281369,
        -121.61407227753304
    ],
    "UNIT_32": [
        38.36460652281369,
        -121.61407227753304
    ],
    "UNIT_54": [
        38.36460652281369,
        -121.61407227753304
    ],
    "UNIT_57": [
        38.36460652281369,
        -121.61407227753304
    ],
    "UNIT_80": [
        38.36460652281369,
        -121.61407227753304
    ],
    "UNIT_81": [
        38.36460652281369,
        -121.61407227753304
    ],
    "UNIT_94": [
        38.36460652281369,
        -121.61407227753304
    ],
    "UNIT_5": [
        38.36596536882129,
        -121.61407227753304
    ],
    "UNIT_20": [
        38.36596536882129,
        -121.61407227753304
    ],
    "UNIT_34": [
        38.36596536882129,
        -121.61407227753304
    ],
    "UNIT_42": [
        38.36596536882129,
        -121.61407227753304
    ],
    "UNIT_43": [
        38.36596536882129,
        -121.61407227753304
    ],
    "UNIT_47": [
        38.36596536882129,
        -121.61407227753304
    ],
    "UNIT_50": [
        38.36596536882129,
        -121.61407227753304
    ],
    "UNIT_72": [
        38.36596536882129,
        -121.61407227753304
    ]
}